City,Lat,Lng,Max Temp,Humidity,Cloudiness,Wind Speed,Country,Date
itoman,26.12,127.67,22.0,64,40,5.14,JP,1615692746
boa vista,2.82,-60.67,25.0,83,0,1.03,BR,1615692679
hermanus,-34.42,19.23,17.22,95,99,2.32,ZA,1615692747
albany,42.6,-73.97,0.0,47,1,2.06,US,1615692560
busselton,-33.65,115.33,21.11,51,0,1.34,AU,1615692582
altamira,-3.2,-52.21,21.74,97,89,0.43,BR,1615692747
nome,64.5,-165.41,-11.0,67,90,13.89,US,1615692578
klaksvik,62.23,-6.59,4.0,87,75,11.32,FO,1615692747
katsuura,35.13,140.3,18.0,32,20,9.77,JP,1615692748
hithadhoo,-0.6,73.08,28.86,69,27,4.81,MV,1615692748
airai,-8.93,125.41,22.27,80,59,0.49,TL,1615692748
barrow,71.29,-156.79,-20.0,65,1,5.66,US,1615692749
ushuaia,-54.8,-68.3,6.0,65,40,8.23,AR,1615692583
faanui,-16.48,-151.75,28.4,73,0,5.49,PF,1615692749
saint george,37.1,-113.58,8.89,61,75,3.09,US,1615692610
jamestown,42.1,-79.24,1.11,40,1,6.08,US,1615692553
mar del plata,-38.0,-57.56,18.33,88,0,5.18,AR,1615692749
rikitea,-23.12,-134.97,26.9,74,25,3.85,PF,1615692579
luderitz,-26.65,15.16,18.39,74,0,3.3,NA,1615692750
filadelfia,39.95,-75.16,8.33,39,1,4.12,US,1615692549
avarua,-21.21,-159.78,29.0,65,10,2.57,CK,1615692750
qurayyat,31.33,37.34,8.0,57,0,1.03,SA,1615692750
cape town,-33.93,18.42,19.0,77,75,4.12,ZA,1615692611
neuquen,-38.95,-68.06,19.0,63,0,4.63,AR,1615692751
port alfred,-33.59,26.89,22.78,78,52,0.45,ZA,1615692611
beisfjord,68.38,17.6,1.0,93,90,2.06,NO,1615692751
sitka,57.05,-135.33,0.0,59,40,3.09,US,1615692475
namibe,-15.2,12.15,23.09,83,92,2.03,AO,1615692751
takoradi,4.88,-1.76,26.49,85,99,3.91,GH,1615692751
panshi,42.94,126.06,10.44,49,0,3.78,CN,1615692735
broome,42.25,-75.83,1.0,34,1,4.12,US,1615692752
leningradskiy,69.38,178.42,-4.41,89,100,4.21,RU,1615692752
yellowknife,62.46,-114.35,-17.0,78,90,4.63,CA,1615692714
san ramon,37.78,-121.98,9.44,76,1,6.69,US,1615692627
kapaa,22.08,-159.32,22.78,88,90,10.29,US,1615692752
santa fe,-31.63,-60.7,25.56,73,2,0.89,AR,1615692753
arraial do cabo,-22.97,-42.03,24.43,87,100,6.3,BR,1615692748
punta arenas,-53.15,-70.92,7.0,61,0,2.06,CL,1615692753
palmer,42.16,-72.33,1.11,37,20,4.63,US,1615692753
ouadda,8.08,22.4,20.8,66,99,1.47,CF,1615692754
talara,-4.58,-81.27,25.06,77,98,3.89,PE,1615692750
namatanai,-3.67,152.43,29.66,58,0,2.0,PG,1615692614
tuatapere,-46.13,167.68,23.33,44,55,8.05,NZ,1615692524
san jose,37.34,-121.89,10.56,66,20,5.66,US,1615692494
rawlins,41.79,-107.24,-1.67,86,90,12.35,US,1615692754
chimore,-16.98,-65.13,21.87,92,63,1.4,BO,1615692616
bahia blanca,-38.72,-62.27,20.69,59,16,2.93,AR,1615692608
norman wells,65.28,-126.83,-20.0,71,75,0.79,CA,1615692755
sungaipenuh,-2.08,101.38,26.01,64,96,1.13,ID,1615692617
biak,-0.91,122.88,28.31,74,70,0.77,ID,1615692755
morgan city,29.7,-91.21,19.0,88,1,3.6,US,1615692617
kathu,7.92,98.33,31.11,65,20,4.12,TH,1615692755
ishigaki,24.34,124.16,22.0,64,75,5.66,JP,1615692755
hambantota,6.12,81.12,29.0,79,20,5.14,LK,1615692756
gat,31.61,34.76,10.56,87,20,1.03,IL,1615692618
cidreira,-30.18,-50.21,23.15,87,6,4.61,BR,1615692756
dikson,73.51,80.55,-30.37,96,100,6.65,RU,1615692619
souillac,-20.52,57.52,27.0,83,40,4.12,MU,1615692756
zhigansk,66.77,123.37,-13.4,89,92,5.29,RU,1615692757
provideniya,64.38,-173.3,-7.32,94,100,8.83,RU,1615692619
hilo,19.73,-155.09,21.0,88,90,2.06,US,1615692620
richards bay,-28.78,32.04,21.84,86,0,4.71,ZA,1615692620
new norfolk,-42.78,147.06,17.78,45,44,2.68,AU,1615692757
bambous virieux,-20.34,57.76,27.0,83,40,4.12,MU,1615692699
longyearbyen,78.22,15.64,-16.0,60,75,5.66,SJ,1615692699
georgetown,5.41,100.34,30.0,65,20,1.03,MY,1615692621
nieves,15.33,120.95,32.0,48,75,4.12,PH,1615692757
vaini,-21.2,-175.2,27.0,78,75,4.12,TO,1615692752
la ronge,55.1,-105.28,0.0,47,51,5.14,CA,1615692758
adelanto,34.58,-117.41,8.33,71,0,2.24,US,1615692758
qasigiannguit,68.82,-51.19,-13.0,61,97,5.66,GL,1615692623
manono,-7.3,27.42,19.56,93,97,0.86,CD,1615692759
bluff,-46.6,168.33,23.33,44,33,7.6,NZ,1615692759
susangerd,31.56,48.18,13.0,58,0,2.06,IR,1615692759
asau,46.43,26.4,1.11,66,33,2.4,RO,1615692759
sao filipe,14.9,-24.5,20.96,72,0,1.05,CV,1615692624
hasaki,35.73,140.83,17.22,36,20,8.23,JP,1615692760
saint anthony,45.02,-93.22,8.0,61,1,2.19,US,1615692760
vadso,70.07,29.75,-7.0,93,90,3.6,NO,1615692625
mafeteng,-29.82,27.24,12.82,66,0,0.79,LS,1615692760
porto novo,6.5,2.6,29.0,74,40,6.17,BJ,1615692761
chapais,49.78,-74.85,-9.0,86,90,3.09,CA,1615692626
cururupu,-1.83,-44.87,23.2,96,32,0.65,BR,1615692761
ust-omchug,61.15,149.63,-21.84,77,0,0.33,RU,1615692582
boguchany,58.38,97.45,-11.02,82,100,6.54,RU,1615692627
ngunguru,-35.62,174.5,24.44,59,0,1.79,NZ,1615692761
waipawa,-41.41,175.52,20.0,64,0,8.23,NZ,1615692762
maua,-23.67,-46.46,22.0,73,44,3.6,BR,1615692762
faya,18.39,42.45,16.0,72,0,1.07,SA,1615692762
walvis bay,-22.96,14.51,17.22,94,26,1.54,NA,1615692763
portland,45.52,-122.68,12.22,60,100,1.21,US,1615692369
thompson,55.74,-97.86,-16.0,55,20,3.09,CA,1615692628
mataura,-46.19,168.86,23.33,44,28,7.6,NZ,1615692763
lebu,-37.62,-73.65,13.18,86,0,1.99,CL,1615692763
puerto ayora,-0.74,-90.35,24.44,94,98,0.89,EC,1615692764
honiara,-9.43,159.95,27.65,83,87,1.71,SB,1615692764
port hedland,-20.32,118.57,30.0,62,40,8.75,AU,1615692629
kahului,20.89,-156.47,22.0,83,90,5.14,US,1615692764
shimoda,34.67,138.95,17.0,48,20,4.12,JP,1615692630
makakilo city,21.35,-158.09,26.0,57,75,3.09,US,1615692765
lavrentiya,65.58,-171.0,-11.09,88,100,6.93,RU,1615692765
ambulu,-8.35,113.61,29.98,64,77,2.31,ID,1615692765
severo-kurilsk,50.68,156.12,0.11,93,77,7.37,RU,1615692766
aklavik,68.22,-135.01,-24.0,77,24,3.6,CA,1615692766
kharan,28.58,65.42,21.36,29,0,3.17,PK,1615692677
gamba,-2.65,10.0,25.71,91,100,1.33,GA,1615692766
dabakala,8.37,-4.43,26.2,64,100,1.71,CI,1615692767
hobe sound,27.06,-80.14,22.22,68,75,3.43,US,1615692633
pacific grove,36.62,-121.92,10.0,79,7,3.83,US,1615692767
cherskiy,68.75,161.3,-19.64,94,100,5.4,RU,1615692748
verkhnyaya inta,65.98,60.31,-9.65,93,90,4.99,RU,1615692767
pakokku,21.33,95.1,33.73,18,0,3.14,MM,1615692767
turrialba,9.9,-83.68,22.0,64,20,6.17,CR,1615692622
jieshi,22.81,115.83,22.22,70,2,7.0,CN,1615692609
saint-philippe,-21.36,55.77,24.44,73,0,3.09,RE,1615692589
denpasar,-8.65,115.22,34.0,59,40,4.12,ID,1615692109
kavieng,-2.57,150.8,29.22,61,57,1.4,PG,1615692768
la asuncion,11.03,-63.86,25.0,88,94,5.66,VE,1615692635
itarema,-2.92,-39.92,24.88,87,81,2.41,BR,1615692768
tomatlan,19.93,-105.25,21.18,51,0,1.23,MX,1615692722
lorengau,-2.02,147.27,29.19,66,68,0.95,PG,1615692636
ilulissat,69.22,-51.1,-13.0,61,100,5.66,GL,1615692769
saint marys,30.73,-81.55,18.0,72,1,3.09,US,1615692565
atuona,-9.8,-139.03,26.44,63,30,2.8,PF,1615692769
butaritari,3.07,172.79,27.17,80,85,5.29,KI,1615692637
huarmey,-10.07,-78.15,22.55,77,55,2.7,PE,1615692769
laredo,27.51,-99.51,24.0,64,1,12.35,US,1615692770
castro,-24.79,-50.01,17.03,93,15,1.47,BR,1615692638
upernavik,72.79,-56.15,-20.62,96,100,1.12,GL,1615692638
isabela,6.71,121.97,29.0,74,40,3.6,PH,1615692770
thibodaux,29.8,-90.82,18.89,87,100,1.34,US,1615692494
srednekolymsk,67.45,153.68,-22.85,87,58,1.34,RU,1615692770
mumbwa,-14.98,27.06,16.49,98,2,2.26,ZM,1615692639
tra vinh,9.93,106.35,33.63,36,12,3.67,VN,1615692636
havre-saint-pierre,50.23,-63.6,-11.0,67,1,2.06,CA,1615692771
nishihara,26.18,127.76,22.0,64,40,5.14,JP,1615692771
mount gambier,-37.83,140.77,18.0,36,40,6.69,AU,1615692639
anadyr,64.75,177.48,-5.0,86,20,2.0,RU,1615692640
tefe,-3.35,-64.71,22.65,91,69,0.93,BR,1615692772
east london,-33.02,27.91,22.0,83,0,3.09,ZA,1615692593
hamilton,39.18,-84.53,7.22,70,1,0.83,US,1615692692
san patricio,28.02,-97.52,22.0,88,90,11.32,US,1615692640
bethel,41.37,-73.41,3.0,32,1,2.57,US,1615692641
kudahuvadhoo,2.67,72.89,28.75,70,88,4.01,MV,1615692641
agirish,61.92,63.02,-8.49,85,99,4.6,RU,1615692641
tabursuq,36.46,9.25,3.0,93,20,1.95,TN,1615692642
trinidad,-14.83,-64.9,22.69,90,100,0.48,BO,1615692631
port elizabeth,-33.92,25.57,20.0,83,0,2.06,ZA,1615692772
namtsy,62.72,129.67,-6.0,58,20,6.0,RU,1615692584
coahuayana,18.73,-103.68,20.81,71,0,1.18,MX,1615692773
pevek,69.7,170.31,-19.31,95,99,2.28,RU,1615692754
ribeira grande,38.52,-28.7,16.47,87,99,12.84,PT,1615692773
vardo,70.37,31.11,-3.65,91,100,0.91,NO,1615692773
maymyo,22.03,96.47,27.0,47,20,1.54,MM,1615692643
qaanaaq,77.48,-69.36,-20.39,65,100,4.13,GL,1615692643
machali,-34.18,-70.67,15.59,70,4,0.63,CL,1615692773
torbay,47.67,-52.73,-1.67,86,75,10.29,CA,1615692619
sambava,-14.27,50.17,24.47,76,37,3.16,MG,1615692644
ucluelet,48.93,-125.55,8.33,91,100,2.68,CA,1615692731
labuan,5.28,115.24,29.0,74,20,2.06,MY,1615692774
vredendal,-31.67,18.5,18.31,84,89,1.31,ZA,1615692774
shelburne,44.08,-80.2,3.89,72,2,7.91,CA,1615692709
sur,22.57,59.53,29.69,26,0,5.11,OM,1615692775
tezu,27.92,96.17,22.93,68,98,1.24,IN,1615692775
saint-pierre,-21.34,55.48,24.44,73,0,3.09,RE,1615692660
hay river,60.82,-115.8,-16.0,78,100,4.63,CA,1615692775
chokurdakh,70.63,147.92,-24.71,84,0,1.41,RU,1615692776
flin flon,54.77,-101.86,-10.65,92,53,2.8,CA,1615692647
kaitangata,-46.28,169.85,17.78,62,8,4.92,NZ,1615692776
thinadhoo,0.53,72.93,28.73,71,51,3.55,MV,1615692647
salalah,17.02,54.09,20.0,56,0,2.06,OM,1615692776
eenhana,-17.47,16.33,19.08,82,20,2.88,NA,1615692648
mahebourg,-20.41,57.7,27.0,83,40,4.12,MU,1615692777
paka,4.64,103.44,26.0,94,40,1.54,MY,1615692777
caucaia,-3.74,-38.65,27.78,78,40,2.57,BR,1615692777
tazovskiy,67.47,78.7,-21.18,96,99,4.41,RU,1615692778
rio gallegos,-51.62,-69.22,7.0,57,0,1.03,AR,1615692778
zykovo,55.95,93.15,-13.0,56,40,7.0,RU,1615692778
dunedin,-45.87,170.5,18.89,59,0,7.6,NZ,1615692730
tairua,-37.02,175.85,20.69,66,1,2.9,NZ,1615692779
meulaboh,4.14,96.13,28.92,64,27,1.4,ID,1615692779
talagang,32.93,72.42,19.57,50,87,3.65,PK,1615692766
cockburn town,21.46,-71.14,24.17,75,0,9.53,TC,1615692650
novikovo,51.15,37.89,1.08,97,100,5.49,RU,1615692651
fairbanks,64.84,-147.72,-13.89,51,1,1.25,US,1615692504
liwale,-9.77,37.93,21.08,98,99,1.04,TZ,1615692781
medicine hat,50.05,-110.67,7.22,45,40,2.06,CA,1615692652
belaya gora,68.53,146.42,-21.95,87,5,0.63,RU,1615692781
narsaq,60.92,-46.05,-3.0,59,90,1.03,GL,1615692781
codrington,-38.27,141.97,16.6,45,50,5.73,AU,1615692652
mitu,1.2,-70.17,22.13,96,100,0.91,CO,1615692653
kieta,-6.22,155.63,29.17,66,78,2.66,PG,1615692782
san carlos de bariloche,-41.15,-71.31,14.0,18,0,0.51,AR,1615692714
cap malheureux,-19.98,57.61,25.0,86,100,3.13,MU,1615692782
camabatela,-8.19,15.38,16.54,98,100,0.73,AO,1615692782
khatanga,71.97,102.5,-26.9,89,91,6.67,RU,1615692654
chuy,-33.7,-53.46,15.85,80,0,2.19,UY,1615692783
saskylakh,71.92,114.08,-24.43,94,100,5.39,RU,1615692783
rayevskiy,54.07,54.95,-17.07,87,0,3.11,RU,1615692655
newport,51.59,-3.0,7.22,79,35,0.89,GB,1615692609
husavik,66.04,-17.34,-6.0,86,40,1.03,IS,1615692783
ancud,-41.87,-73.82,10.56,93,0,3.6,CL,1615692784
ayan,56.45,138.17,-1.82,79,100,0.78,RU,1615692656
krasnoselkup,65.7,82.47,-21.87,96,92,7.55,RU,1615692784
katunino,64.39,40.63,-4.0,93,90,2.0,RU,1615692784
bredasdorp,-34.53,20.04,18.0,82,97,3.09,ZA,1615692657
araouane,18.9,-3.53,19.04,46,18,4.82,ML,1615692785
upington,-28.45,21.26,23.0,60,75,4.12,ZA,1615692657
hobart,-42.88,147.33,17.78,29,40,7.72,AU,1615692641
bandarbeyla,9.49,50.81,25.79,73,94,4.24,SO,1615692658
constitucion,-35.33,-72.42,12.74,91,16,1.68,CL,1615692785
tuktoyaktuk,69.45,-133.04,-23.0,77,90,4.63,CA,1615692785
kuito,-12.38,16.93,13.81,93,62,1.65,AO,1615692786
nemuro,43.32,145.57,2.0,75,75,5.66,JP,1615692786
shingu,33.73,135.98,13.0,47,20,8.23,JP,1615692659
palanga,55.92,21.07,4.0,93,75,6.17,LT,1615692786
ponta do sol,32.67,-17.1,13.89,70,100,0.45,PT,1615692787
fortuna,40.6,-124.16,8.89,81,90,3.09,US,1615692660
solnechnyy,50.72,136.63,2.9,81,19,3.42,RU,1615692787
carnarvon,-24.87,113.63,34.0,43,27,6.69,AU,1615692587
lae,-6.72,146.98,30.63,65,45,5.06,PG,1615692787
san lorenzo,-25.33,-57.53,26.0,57,14,2.57,PY,1615692788
hami,42.8,93.45,14.17,24,61,3.81,CN,1615692567
korla,41.76,86.15,14.63,26,76,1.99,CN,1615692788
pangnirtung,66.15,-65.71,-23.84,97,100,0.33,CA,1615692552
alta floresta,-9.88,-56.09,21.08,96,99,0.48,BR,1615692788
dhidhdhoo,6.88,73.1,28.28,75,80,6.06,MV,1615692647
polessk,54.86,21.1,5.0,81,75,4.0,RU,1615692789
uhlove,44.82,33.6,5.0,58,78,2.27,UA,1615692789
shahrud,36.42,54.98,-3.78,64,0,1.28,IR,1615692789
sandwick,60.0,-1.25,6.0,81,75,13.38,GB,1615692790
tiksi,71.69,128.87,-16.47,85,87,3.34,RU,1615692790
tautira,-17.73,-149.15,31.0,66,40,2.06,PF,1615692790
prabumulih,-3.45,104.25,28.84,74,99,1.17,ID,1615692791
etaples,50.52,1.63,7.0,81,90,6.69,FR,1615692791
mahina,-17.51,-149.49,31.0,66,40,2.57,PF,1615692665
tabou,4.42,-7.35,25.17,90,100,4.19,CI,1615692791
xingyi,24.19,102.82,22.56,30,18,6.38,CN,1615692792
deep river,46.1,-77.5,-1.0,64,40,1.54,CA,1615692792
mehamn,71.04,27.85,-5.25,86,100,2.91,NO,1615692792
victor harbor,-35.57,138.62,18.89,47,65,4.72,AU,1615692793
college,64.86,-147.8,-14.0,43,1,2.57,US,1615692746
vao,-22.67,167.48,24.9,77,91,8.19,NC,1615692667
kandi,11.13,2.94,24.93,25,92,2.19,BJ,1615692667
port moresby,-9.44,147.18,30.0,70,75,1.54,PG,1615692793
zhangye,38.93,100.45,19.54,9,1,4.45,CN,1615692668
develi,38.39,35.49,0.0,86,75,1.03,TR,1615692793
salinopolis,-0.61,-47.36,25.46,86,83,2.9,BR,1615692794
alofi,-19.06,-169.92,29.0,65,98,3.6,NU,1615692794
shawinigan,46.57,-72.75,-3.89,74,96,2.57,CA,1615692794
canutama,-6.53,-64.38,23.18,92,99,1.25,BR,1615692795
kruisfontein,-34.0,24.73,18.89,85,90,0.89,ZA,1615692795
saint-joseph,-21.37,55.62,24.44,73,0,3.09,RE,1615692669
katherine,-14.47,132.27,33.0,49,75,2.57,AU,1615692795
scarborough,54.28,-0.4,3.89,80,59,0.89,GB,1615692625
cuyo,10.85,121.01,26.81,83,100,7.96,PH,1615692670
upata,8.01,-62.4,23.33,97,100,0.45,VE,1615692796
labuhan,-6.88,112.21,29.6,67,56,2.71,ID,1615692796
beloha,-25.17,45.05,23.21,78,3,6.58,MG,1615692671
casper,42.87,-106.31,0.0,93,90,5.14,US,1615692796
imbituba,-28.24,-48.67,26.0,78,75,2.06,BR,1615692797
yaan,7.38,8.57,24.52,87,100,4.56,NG,1615692797
aosta,45.77,7.42,3.89,84,73,2.68,IT,1615692797
rockport,28.02,-97.05,22.0,94,40,8.75,US,1615692762
nyurba,63.28,118.33,-10.18,86,75,4.77,RU,1615692672
nacala,-14.54,40.67,23.32,95,100,2.33,MZ,1615692798
port-cartier,50.03,-66.87,-10.0,48,40,4.12,CA,1615692644
nantucket,41.28,-70.1,3.89,63,4,7.58,US,1615692798
ust-kuyga,70.02,135.6,-21.28,81,69,3.01,RU,1615692798
kodiak,57.79,-152.41,0.0,29,1,5.66,US,1615692580
magdagachi,53.45,125.8,2.42,85,100,3.33,RU,1615692799
ngorongoro,-3.24,35.49,8.97,91,30,1.82,TZ,1615692674
porteirinha,-15.74,-43.03,18.69,78,17,2.67,BR,1615692799
mogzon,51.74,111.96,-3.57,80,100,7.24,RU,1615692675
farmington,36.73,-108.22,-2.0,93,90,2.57,US,1615692574
jiaojiang,28.68,121.44,20.0,67,0,0.45,CN,1615692799
nanzhang,31.78,111.84,19.74,63,61,3.92,CN,1615692800
sobolevo,54.43,31.9,0.78,96,100,6.02,RU,1615692800
gwadar,25.12,62.33,23.09,80,21,3.52,PK,1615692800
eydhafushi,5.1,73.07,28.45,74,59,7.36,MV,1615692800
ostrowiec swietokrzyski,50.93,21.39,6.67,83,100,1.34,PL,1615692801
cairns,-16.92,145.77,32.78,58,75,5.66,AU,1615692668
praia da vitoria,38.73,-27.07,15.56,100,75,10.06,PT,1615692801
tasiilaq,65.61,-37.64,-4.0,86,75,12.86,GL,1615692677
xinmin,41.99,122.83,11.67,50,47,3.0,CN,1615692801
talnakh,69.49,88.4,-28.78,97,100,4.96,RU,1615692678
dudinka,69.41,86.18,-22.18,94,100,6.57,RU,1615692678
sumbe,-11.21,13.84,25.84,88,59,0.97,AO,1615692802
kununurra,-15.77,128.73,32.0,70,60,4.12,AU,1615692802
winslow,35.02,-110.7,1.11,64,1,4.63,US,1615692802
san quintin,30.48,-115.95,12.75,80,1,7.5,MX,1615692803
victoria,22.29,114.16,22.22,81,77,2.24,HK,1615692721
trairi,-3.28,-39.27,24.81,90,100,2.02,BR,1615692803
saldanha,-33.01,17.94,19.0,88,100,3.09,ZA,1615692679
nikolskoye,59.7,30.79,2.0,87,75,2.0,RU,1615692680
labney,16.1,120.47,31.7,50,88,1.44,PH,1615692680
lata,40.16,-8.33,10.56,87,0,1.54,PT,1615692803
hutchinson,38.06,-97.93,13.0,88,90,9.77,US,1615692595
khairagarh,26.95,77.82,28.29,23,0,2.74,IN,1615692681
nuuk,64.18,-51.72,-10.0,73,40,6.69,GL,1615692804
kupang,-10.17,123.58,29.0,74,20,1.54,ID,1615692681
yashkul,46.17,45.34,-2.17,62,100,5.34,RU,1615692804
tallahassee,30.44,-84.28,19.44,72,75,1.42,US,1615692791
dolores,-36.31,-57.68,14.66,76,0,2.6,AR,1615692681
lapua,62.97,23.01,0.56,96,100,1.66,FI,1615692805
garowe,8.41,48.48,22.09,75,100,4.18,SO,1615692682
lompoc,34.64,-120.46,11.0,71,90,3.6,US,1615692774
vytegra,61.01,36.45,-0.04,94,100,3.39,RU,1615692805
beroroha,-21.67,45.17,21.51,77,0,1.58,MG,1615692805
mongo,12.18,18.69,24.12,17,0,1.56,TD,1615692806
san cristobal,7.77,-72.22,25.0,69,40,3.09,VE,1615692806
sibiti,-3.68,13.35,21.21,99,100,0.81,CG,1615692684
palaikastron,35.2,26.25,13.89,76,100,1.52,GR,1615692806
merauke,-8.47,140.33,29.07,72,89,0.84,ID,1615692807
comodoro rivadavia,-45.87,-67.5,12.0,82,0,3.09,AR,1615692602
lluta,-16.01,-72.01,9.76,83,93,1.51,PE,1615692807
yar-sale,66.83,70.83,-13.22,89,99,4.28,RU,1615692807
atherton,53.52,-2.49,7.22,76,4,3.58,GB,1615692666
rio grande,-32.03,-52.1,21.25,86,16,3.11,BR,1615692808
puerto rondon,6.28,-71.1,25.07,72,91,2.34,CO,1615692808
del rio,29.36,-100.9,27.0,54,1,9.26,US,1615692808
aksarka,66.56,67.8,-13.93,89,65,4.9,RU,1615692686
arkhangelsk,64.54,40.54,-4.0,93,90,2.0,RU,1615692809
belomorsk,64.52,34.77,-3.69,96,99,2.06,RU,1615692809
chernyshkovskiy,48.42,42.23,-2.75,89,98,5.44,RU,1615692809
san pedro de ycuamandiyu,-24.09,-57.08,23.45,48,4,1.06,PY,1615692687
makat,47.65,53.35,-10.32,62,72,4.29,KZ,1615692809
nanortalik,60.14,-45.24,-2.61,74,100,3.09,GL,1615692810
tommot,58.96,126.29,-5.19,74,100,1.63,RU,1615692810
cacule,-14.5,-42.22,18.77,94,10,1.91,BR,1615692810
solvychegodsk,61.33,46.92,-6.42,93,100,4.87,RU,1615692689
kushmurun,52.45,64.63,-17.45,87,0,1.49,KZ,1615692811
salinas,36.68,-121.66,11.0,66,90,4.12,US,1615692811
mackenzie,55.3,-123.17,6.0,56,90,4.12,CA,1615692610
aksu,41.12,80.26,15.04,23,93,1.63,CN,1615692811
adrar,20.5,-10.07,18.02,25,0,3.63,MR,1615692690
zapolyarnyy,69.42,30.81,-7.0,93,90,3.6,RU,1615692812
leesburg,39.12,-77.56,9.0,34,1,4.05,US,1615692728
magaria,13.0,8.91,24.32,17,21,5.22,NE,1615692812
ketchikan,55.34,-131.65,-1.0,100,40,1.54,US,1615692790
arlit,18.74,7.39,20.02,18,47,3.4,NE,1615692812
bengkulu,-3.8,102.27,29.15,64,81,2.97,ID,1615692813
coihaique,-45.58,-72.07,11.0,82,0,3.09,CL,1615692813
tura,25.52,90.22,28.42,28,19,2.93,IN,1615692813
olafsvik,64.89,-23.71,-1.7,74,100,6.2,IS,1615692692
rawson,-43.3,-65.1,16.15,62,77,8.32,AR,1615692814
touros,-5.2,-35.46,25.0,78,20,1.54,BR,1615692814
esperance,-33.87,121.9,20.0,45,75,3.6,AU,1615692814
derzhavinsk,51.1,66.32,-19.57,92,0,0.75,KZ,1615692814
dawson,31.77,-84.45,18.0,72,1,1.63,US,1615692694
saint-augustin,51.23,-58.65,-8.9,79,100,8.32,CA,1615692815
kampong thum,12.71,104.89,34.18,33,2,3.4,KH,1615692815
okha,53.57,142.95,1.87,90,53,7.68,RU,1615692815
domoni,-12.26,44.53,26.82,81,100,2.48,KM,1615692688
vila velha,-20.33,-40.29,23.89,94,40,1.54,BR,1615692816
le vauclin,14.55,-60.84,23.0,88,0,1.03,MQ,1615692816
hovd,48.01,91.64,-8.52,25,69,5.97,MN,1615692816
kulhudhuffushi,6.62,73.07,28.27,75,47,6.4,MV,1615692817
camacha,33.08,-16.33,15.0,67,75,5.66,PT,1615692817
kardymovo,54.89,32.43,0.76,95,100,5.18,RU,1615692696
olinda,-8.01,-34.86,27.0,61,40,4.12,BR,1615692606
lasa,46.62,10.7,3.89,100,90,2.0,IT,1615692550
meridian,43.61,-116.39,11.0,49,0,0.79,US,1615692817
vila do maio,15.13,-23.22,20.0,83,0,5.66,CV,1615692818
chengde,40.97,117.94,10.85,61,100,3.15,CN,1615692697
davila,18.47,120.58,32.0,45,40,4.63,PH,1615692697
semirom,31.42,51.57,3.14,60,1,0.62,IR,1615692818
rawah,34.48,41.91,11.42,56,45,1.33,IQ,1615692698
patris,40.56,22.19,9.44,81,0,1.79,GR,1615692698
kuli,42.02,47.24,0.0,86,90,2.06,RU,1615692818
mayo,38.89,-76.51,6.67,60,1,1.54,US,1615692819
pangkalanbuun,-2.68,111.62,33.86,46,18,2.16,ID,1615692699
wajima,37.4,136.9,8.0,57,40,5.14,JP,1615692819
whitehorse,60.72,-135.05,-15.0,72,90,4.63,CA,1615692700
pirgos,35.12,25.72,13.89,76,100,0.72,GR,1615692819
tucumcari,35.17,-103.72,8.0,46,1,8.23,US,1615692820
samana,19.21,-69.34,22.08,87,10,3.68,DO,1615692820
oxbow,49.23,-102.17,1.11,70,0,2.24,CA,1615692820
borogontsy,62.67,131.17,-10.39,89,100,4.17,RU,1615692701
guerrero negro,27.98,-114.06,13.68,73,0,6.61,MX,1615692821
north bend,43.41,-124.22,9.0,76,40,7.2,US,1615692821
pisco,-13.7,-76.22,22.22,94,0,1.54,PE,1615692821
taltal,-25.4,-70.48,17.88,89,15,0.44,CL,1615692703
bardiyah,31.76,25.09,13.18,75,100,1.49,LY,1615692822
ostrovnoy,68.05,39.51,-9.77,92,98,4.76,RU,1615692822
naze,28.37,129.48,21.0,56,75,6.69,JP,1615692823
denia,38.84,0.11,14.44,67,0,1.34,ES,1615692786
vaitape,-16.52,-151.75,28.4,73,0,5.48,PF,1615692823
helena,46.59,-112.04,3.33,60,0,2.68,US,1615692823
kavaratti,10.57,72.64,28.56,69,77,4.03,IN,1615692823
baruun-urt,46.68,113.28,9.37,45,33,11.11,MN,1615692542
bocas del toro,9.33,-82.25,24.59,80,10,2.16,PA,1615692824
buraydah,26.33,43.98,12.0,58,3,1.03,SA,1615692705
mocuba,-16.84,36.99,22.08,98,16,1.09,MZ,1615692613
vrangel,42.73,133.08,7.32,49,49,2.2,RU,1615692706
cabra,37.47,-4.44,8.33,68,0,0.96,ES,1615692824
matamoros,25.53,-103.25,31.0,7,40,4.12,MX,1615692636
buenos aires,-34.61,-58.38,23.33,49,0,5.14,AR,1615692662
warrnambool,-38.38,142.48,16.11,59,31,2.24,AU,1615692706
palauig,15.44,119.9,30.14,57,36,2.8,PH,1615692707
shenjiamen,29.96,122.3,12.5,78,0,3.99,CN,1615692825
clyde river,70.47,-68.59,-21.0,84,75,12.35,CA,1615692707
gao,16.64,1.64,19.58,37,1,3.88,ML,1615692825
haines junction,60.75,-137.51,-15.0,51,100,0.51,CA,1615692816
soufriere,13.86,-61.06,25.0,78,40,3.09,LC,1615692825
yeppoon,-23.13,150.73,32.0,45,75,3.09,AU,1615692825
khorixas,-20.37,14.97,20.32,73,39,0.98,NA,1615692826
qui nhon,13.77,109.23,26.37,69,3,5.71,VN,1615692826
vieira de leiria,39.87,-8.93,10.56,87,0,1.54,PT,1615692709
zitlala,17.63,-99.08,14.56,67,0,3.28,MX,1615692826
falakata,26.52,89.21,28.14,31,4,3.22,IN,1615692827
xiongzhou,25.12,114.3,26.54,56,9,0.51,CN,1615692827
americus,32.07,-84.23,17.0,72,1,1.44,US,1615692711
leh,34.17,77.58,-3.82,51,69,1.17,IN,1615692792
la plata,-34.92,-57.95,22.78,62,0,4.38,AR,1615692827
santa rosalia,27.32,-112.28,10.13,52,0,1.39,MX,1615692828
acarau,-2.89,-40.12,25.02,87,89,2.48,BR,1615692711
longyan,25.11,117.02,24.12,67,64,0.89,CN,1615692712
cayenne,4.93,-52.33,24.44,100,75,1.03,GF,1615692828
batagay-alyta,67.8,130.41,-21.08,84,68,1.51,RU,1615692712
holme,56.11,10.17,3.0,93,90,4.63,DK,1615692713
el centro,32.79,-115.56,17.0,41,1,6.69,US,1615692828
coquimbo,-29.95,-71.34,15.0,94,40,2.06,CL,1615692829
sibolga,1.74,98.78,26.48,81,100,0.91,ID,1615692829
puerto carreno,6.19,-67.49,25.41,69,87,3.44,CO,1615692829
brae,60.4,-1.35,6.0,81,75,12.86,GB,1615692714
nogliki,51.83,143.17,1.31,98,75,5.98,RU,1615692714
san clemente,33.43,-117.61,12.78,84,6,1.46,US,1615692830
neiafu,-18.65,-173.98,30.0,70,40,3.09,TO,1615692830
sarangani,5.4,125.46,28.32,72,0,4.5,PH,1615692830
lujan,-34.57,-59.1,20.56,65,0,1.79,AR,1615692604
valeggio sul mincio,45.35,10.74,5.0,93,0,1.54,IT,1615692831
mana,5.66,-53.78,24.79,90,100,4.51,GF,1615692831
zonguldak,41.25,31.83,3.16,68,0,1.45,TR,1615692831
te anau,-45.42,167.72,18.27,55,77,4.92,NZ,1615692831
uarini,-2.99,-65.11,23.22,88,74,1.08,BR,1615692832
nouadhibou,20.93,-17.03,19.0,37,0,5.66,MR,1615692832
neftcala,39.37,49.25,5.83,76,100,3.16,AZ,1615692832
formosa,-26.18,-58.18,21.0,83,0,2.57,AR,1615692717
revda,56.8,59.93,-14.0,66,0,3.0,RU,1615692833
belyy yar,53.6,91.39,-15.0,56,0,5.0,RU,1615692833
rock sound,24.9,-76.2,22.57,78,0,6.64,BS,1615692833
morant bay,17.88,-76.41,25.0,73,20,0.51,JM,1615692718
melfort,52.87,-104.62,-1.0,69,97,2.06,CA,1615692718
zhangjiakou,40.81,114.88,8.88,67,100,5.07,CN,1615692834
la macarena,2.18,-73.78,21.97,97,100,0.72,CO,1615692834
charters towers,-20.1,146.27,31.62,42,72,4.36,AU,1615692834
yangjiang,21.85,111.97,24.04,68,56,3.85,CN,1615692835
tilichiki,60.47,166.1,-15.5,80,100,6.77,RU,1615692835
alghero,40.56,8.32,13.0,82,20,4.63,IT,1615692835
vestmannaeyjar,63.44,-20.27,-0.77,64,100,5.43,IS,1615692720
guarapuava,-25.4,-51.46,15.31,81,2,0.25,BR,1615692721
wladyslawowo,54.79,18.4,4.44,81,75,5.66,PL,1615692836
puerto cabello,10.47,-68.01,25.0,85,28,1.54,VE,1615692836
los llanos de aridane,28.66,-17.92,18.0,72,75,3.6,ES,1615692836
bowen,-20.02,148.23,30.0,58,40,4.63,AU,1615692837
iqaluit,63.75,-68.51,-30.0,69,20,6.69,CA,1615692590
kamina,-8.74,24.99,17.36,88,96,1.0,CD,1615692837
awbari,26.59,12.78,13.59,37,0,0.52,LY,1615692837
knyaze-volkonskoye,48.46,135.46,7.0,39,0,6.0,RU,1615692837
cabo san lucas,22.89,-109.91,18.0,55,1,2.06,MX,1615692598
khandyga,62.67,135.6,-10.31,91,100,1.87,RU,1615692838
waddan,29.16,16.14,16.41,39,100,5.91,LY,1615692660
kobelyaky,49.15,34.2,1.78,97,93,4.44,UA,1615692838
santa maria,-29.68,-53.81,18.0,94,0,2.57,BR,1615692839
dauphin,51.15,-100.05,0.0,64,1,2.57,CA,1615692724
cabo rojo,18.09,-67.15,23.89,92,20,3.36,PR,1615692724
port lincoln,-34.73,135.87,16.87,48,96,4.76,AU,1615692788
maceio,-9.67,-35.74,23.0,94,0,1.54,BR,1615692598
guanaja,16.4,-85.9,25.0,78,1,2.06,HN,1615692839
nioro,13.35,-15.75,22.28,17,70,1.81,GM,1615692839
nagapattinam,10.77,79.83,29.23,60,30,3.86,IN,1615692726
romitan,39.93,64.38,-8.0,73,90,4.12,UZ,1615692840
magadan,59.57,150.8,-14.32,76,0,2.63,RU,1615692726
salta,-24.79,-65.41,20.0,83,75,1.54,AR,1615692840
payo,-3.75,103.64,29.05,68,100,1.29,ID,1615692727
evensk,61.95,159.23,-15.83,74,69,1.26,RU,1615692727
along,28.17,94.77,25.32,62,82,0.25,IN,1615692840
orange,33.7,-117.77,13.89,71,20,2.57,US,1615692783
baghdad,33.34,44.4,8.0,57,0,1.54,IQ,1615692634
sao felix do xingu,-6.64,-51.99,21.14,98,100,0.35,BR,1615692728
gondanglegi,-7.75,112.01,30.12,70,100,0.44,ID,1615692841
san isidro,-12.12,-77.05,24.44,83,0,2.57,PE,1615692729
nefteyugansk,61.1,72.6,-13.0,72,0,4.0,RU,1615692663
port-gentil,-0.72,8.78,27.63,77,100,3.07,GA,1615692776
jalu,29.03,21.55,14.4,40,55,5.1,LY,1615692632
abancay,-13.63,-72.88,13.44,96,77,1.13,PE,1615692841
buala,-8.14,159.59,28.13,73,74,1.77,SB,1615692841
odweyne,9.41,45.06,16.96,74,36,3.17,SO,1615692842
wapi pathum,15.85,103.38,30.56,54,0,4.63,TH,1615692730
agadez,19.75,10.25,22.55,12,42,5.12,NE,1615692842
sovetskaya,44.78,41.17,-3.62,85,100,4.5,RU,1615692842
pemba,-12.97,40.52,24.0,94,75,3.6,MZ,1615692731
muana,-1.53,-49.22,23.69,93,100,1.49,BR,1615692731
visnes,59.36,5.22,4.0,93,75,4.63,NO,1615692843
foam lake,51.65,-103.53,1.0,69,0,3.09,CA,1615692732
talcahuano,-36.72,-73.12,13.0,100,90,2.06,CL,1615692844
mingguang,32.78,117.96,17.12,57,0,3.93,CN,1615692844
changli,39.7,119.15,12.95,51,98,4.36,CN,1615692844
ambovombe,-25.17,46.08,23.72,78,3,7.28,MG,1615692845
baiao,-2.79,-49.67,22.07,98,59,0.83,BR,1615692845
panama city,8.99,-79.52,26.0,73,90,2.57,PA,1615692845
leshukonskoye,64.9,45.76,-4.5,93,100,4.5,RU,1615692734
margate,51.38,1.39,5.56,81,100,1.34,GB,1615692846
ahipara,-35.17,173.17,20.8,60,2,1.21,NZ,1615692734
isangel,-19.55,169.27,28.0,83,90,4.12,VU,1615692846
paraiso,9.84,-83.87,22.0,64,20,6.17,CR,1615692846
oistins,13.07,-59.53,26.0,69,20,5.14,BB,1615692847
petropavlovsk-kamchatskiy,53.05,158.65,1.0,55,19,2.0,RU,1615692679
sao joao da barra,-21.64,-41.05,24.16,89,49,5.74,BR,1615692847
marsala,37.8,12.44,13.89,73,1,5.97,IT,1615692847
imeni poliny osipenko,52.42,136.49,0.66,96,94,7.37,RU,1615692847
kapoeta,4.77,33.59,27.2,38,17,5.16,SS,1615692848
yulara,-25.24,130.99,21.0,46,90,6.69,AU,1615692568
okhotsk,59.38,143.3,-12.5,82,100,2.91,RU,1615692848
puerto colombia,10.99,-74.95,25.62,79,12,12.23,CO,1615692737
diffa,13.32,12.61,26.26,11,91,3.39,NE,1615692848
igarka,67.47,86.58,-22.99,86,100,6.21,RU,1615692849
manggar,-2.88,108.27,30.42,62,98,2.76,ID,1615692849
japura,-0.32,102.35,29.47,66,90,1.64,ID,1615692849
lethem,3.38,-59.8,25.0,79,97,0.67,GY,1615692850
gizo,-8.1,156.84,29.2,66,13,2.31,SB,1615692739
bairiki,1.33,172.98,30.0,70,20,4.63,KI,1615692739
dum duma,27.57,95.57,23.0,83,75,4.63,IN,1615692850
kungurtug,50.6,97.52,-16.21,60,90,5.42,RU,1615692626
mokshan,53.44,44.61,-5.56,57,100,6.35,RU,1615692740
texarkana,33.43,-94.05,22.0,64,40,2.57,US,1615692664
kirakira,-10.45,161.92,24.18,94,100,0.93,SB,1615692741
venafro,41.48,14.05,11.11,76,91,1.34,IT,1615692850
padang,-0.95,100.35,29.0,74,20,0.51,ID,1615692765
goundi,9.36,17.37,27.5,35,77,1.59,TD,1615692851
zemio,5.03,25.14,19.81,97,100,1.38,CF,1615692851
mecca,21.43,39.83,23.21,53,38,0.82,SA,1615692781
manaure,11.78,-72.44,24.64,79,6,5.35,CO,1615692851
vestmanna,62.16,-7.17,4.0,87,75,11.32,FO,1615692852
gazojak,41.19,61.4,-6.33,65,100,3.05,TM,1615692852
bubaque,11.28,-15.83,25.8,60,64,2.49,GW,1615692852
sorland,67.67,12.69,5.42,85,94,5.22,NO,1615692853
loikaw,19.67,97.21,34.86,16,0,0.68,MM,1615692744
zomba,-15.39,35.32,18.31,98,100,0.18,MW,1615692853
raudeberg,61.99,5.14,5.56,71,100,6.21,NO,1615692853
bud,39.45,-86.18,6.67,48,96,2.49,US,1615692745
porto santo,33.07,-16.34,15.0,67,75,5.66,PT,1615692854
livingston,55.9,-3.52,4.0,81,3,5.66,GB,1615692854
xichang,27.9,102.26,21.49,37,0,2.14,CN,1615692854
saint-raymond,45.47,-73.61,-2.78,80,100,1.54,CA,1615692855
sinnamary,5.38,-52.95,24.99,89,100,5.59,GF,1615692855
paamiut,61.99,-49.67,-7.43,52,100,2.69,GL,1615692855
